"date","Facebook","Amazon","Netflix","Google"
2013-01-02,28,257.309998,92.010003,723.25123
2013-01-03,27.77,258.480011,96.590001,723.671256
2013-01-04,28.76,259.149994,95.98,737.971262
2013-01-07,29.42,268.459991,99.200001,734.751286
2013-01-08,29.059999,266.380005,97.160001,733.301227
2013-01-09,30.59,266.350006,95.909999,738.121237
2013-01-10,31.299999,265.339996,98,741.481263
2013-01-11,31.719999,267.940002,101.290002,739.99126
2013-01-14,30.950001,272.730011,103.449998,723.25123
2013-01-15,30.1,271.899994,101.689998,724.931273
2013-01-16,29.85,268.929993,97.480001,715.191211
2013-01-17,30.139999,270.480011,97.7,711.321223
2013-01-18,29.66,272.119995,99.17,704.511235
2013-01-22,30.73,270.190002,97.810002,702.871197
2013-01-23,30.82,268.109985,103.26,741.501296
2013-01-24,31.08,273.459991,146.859997,754.211317
2013-01-25,31.540001,283.98999,169.559996,753.671274
2013-01-28,32.470001,276.040009,162.109999,750.731274
2013-01-29,30.790001,260.350006,169.119999,753.681322
2013-01-30,31.24,272.76001,167.700006,753.831296
2013-01-31,30.98,265.5,165.240004,755.691272
2013-02-01,29.73,265,164.799994,775.601349
2013-02-04,28.110001,259.980011,174.739994,759.021279
2013-02-05,28.639999,266.890015,174.389999,765.741331
2013-02-06,29.049999,262.220001,184.410002,770.171333
2013-02-07,28.65,260.230011,181.959999,773.951324
2013-02-08,28.549999,261.950012,180.970003,785.371369
2013-02-11,28.26,257.209991,177.889999,782.421322
2013-02-12,27.370001,258.700012,177.950001,780.701335
2013-02-13,27.91,269.470001,186.270004,782.861321
2013-02-14,28.5,269.23999,187.400003,787.82138
2013-02-15,28.32,265.089996,189.509998,792.891346
2013-02-19,28.93,269.75,196.449997,806.851398
2013-02-20,28.459999,266.410004,187.119997,792.461334
2013-02-21,27.280001,265.940002,187.149998,795.531336
2013-02-22,27.129999,265.420013,179.860004,799.711381
2013-02-25,27.27,259.869995,179.320005,790.771365
2013-02-26,27.389999,259.359985,184.089994,790.13134
2013-02-27,26.870001,263.25,184.32,799.781345
2013-02-28,27.25,264.269989,188.080006,801.201384
2013-03-01,27.780001,265.73999,189.369995,806.191401
2013-03-04,27.719999,273.109985,181.209995,821.501406
2013-03-05,27.52,275.589996,181.729994,838.601424
2013-03-06,27.450001,273.790009,182.939995,831.381396
2013-03-07,28.58,273.880005,181.560003,832.601408
2013-03-08,27.959999,274.190002,184.699995,831.521445
2013-03-11,28.139999,271.23999,180.450005,834.821433
2013-03-12,27.83,274.130005,182.110003,827.611391
2013-03-13,27.08,275.100006,192.359997,825.311416
2013-03-14,27.040001,265.73999,188.369999,821.541411
2013-03-15,26.65,261.820007,184.849998,814.301411
2013-03-18,26.49,257.890015,185.590002,807.791372
2013-03-19,26.549999,256.410004,181.369999,811.321406
2013-03-20,25.860001,257.279999,183.049997,814.71139
2013-03-21,25.74,253.389999,181.99,811.261367
2013-03-22,25.73,257.75,181.299997,810.311407
2013-03-25,25.129999,256.019989,180.789999,809.641362
2013-03-26,25.209999,260.309998,190.609997,812.421402
2013-03-27,26.09,265.299988,190.240002,802.661367
2013-03-28,25.58,266.48999,189.280006,794.191369
2013-04-01,25.530001,261.609985,182.429996,801.191398
2013-04-02,25.42,263.320007,176.689999,813.041394
2013-04-03,26.25,259.029999,169.74,806.201387
2013-04-04,27.07,259.079987,166.689997,795.071366
2013-04-05,27.389999,255.479996,164.660004,783.051362
2013-04-08,26.85,258.950012,163.059994,774.851354
2013-04-09,26.59,261.140015,169.360004,777.651304
2013-04-10,27.57,264.769989,166.069996,790.181331
2013-04-11,28.02,269.850006,173.009995,790.391345
2013-04-12,27.4,272.869995,173.199999,790.051329
2013-04-15,26.52,267.720001,176.499994,781.931333
2013-04-16,26.92,272.339996,175.850006,793.37135
2013-04-17,26.629999,267.399994,169.360004,782.561372
2013-04-18,25.690001,259.420013,163.819998,765.911339
2013-04-19,25.73,260.320007,163.370001,799.871342
2013-04-22,25.969999,263.549988,174.369999,800.111374
2013-04-23,25.98,268.899994,216.99,807.901403
2013-04-24,26.110001,268.779999,216.719994,813.451373
2013-04-25,26.139999,274.700012,213.750006,809.101381
2013-04-26,26.85,254.809998,215.549994,801.421383
2013-04-29,26.98,249.740005,215.009995,819.061382
2013-04-30,27.77,253.809998,216.070005,824.571408
2013-05-01,27.43,248.229996,212.91,820.431429
2013-05-02,28.969999,252.550003,214.489996,829.611416
2013-05-03,28.309999,258.049988,213.449999,845.721469
2013-05-06,27.57,255.720001,210.690002,861.551483
2013-05-07,26.889999,257.730011,206.249994,857.231449
2013-05-08,27.120001,258.679993,208.609995,873.631526
2013-05-09,27.040001,260.160004,216.41,871.481464
2013-05-10,26.68,263.630005,217.690002,880.2315
2013-05-13,26.82,264.51001,229.37999,877.531533
2013-05-14,27.07,268.329987,233.970001,887.101527
2013-05-15,26.6,266.559998,243.39999,915.89158
2013-05-16,26.129999,264.119995,237.029991,903.871576
2013-05-17,26.25,269.899994,238.999996,909.181575
2013-05-20,25.76,267.630005,239.549995,908.531564
2013-05-21,25.66,268.859985,237.089993,906.971536
2013-05-22,25.16,262.959991,228.559998,889.421534
2013-05-23,25.059999,261.799988,226.179996,882.79154
2013-05-24,24.309999,261.73999,228.740002,873.321468
2013-05-28,24.1,267.290009,214.190002,881.271518
2013-05-29,23.32,265.529999,215.340002,868.311479
2013-05-30,24.549999,266.829987,222.659996,870.761489
2013-05-31,24.35,269.200012,226.250011,871.221521
2013-06-03,23.85,266.880005,221.969994,867.63151
2013-06-04,23.52,265.700012,225.30999,859.101473
2013-06-05,22.9,267.170013,223.460001,859.701493
2013-06-06,22.969999,267.829987,217.740004,864.641457
2013-06-07,23.290001,276.869995,220.219994,879.731524
2013-06-10,24.33,281.070007,220.929996,890.22152
2013-06-11,24.030001,274.779999,214.459995,879.811535
2013-06-12,23.77,271.670013,207.639999,871.981501
2013-06-13,23.73,275.790009,215.390003,877.001476
2013-06-14,23.629999,273.98999,213.989998,875.041517
2013-06-17,24.02,278.059998,229.23,886.251549
2013-06-18,24.209999,281.76001,228.82999,900.621519
2013-06-19,24.309999,278.160004,232.30999,900.681558
2013-06-20,23.9,273.440002,223.520002,884.741513
2013-06-21,24.530001,273.359985,216.899998,880.931503
2013-06-24,23.940001,270.609985,215.599995,869.791496
2013-06-25,24.25,272.089996,212.9,866.201484
2013-06-26,24.16,277.570007,212.099995,873.651498
2013-06-27,24.66,277.549988,214.969994,877.071501
2013-06-28,24.879999,277.690002,211.089998,880.371488
2013-07-01,24.809999,282.100006,224.280006,887.88154
2013-07-02,24.41,283.730011,221.459995,882.311537
2013-07-03,24.52,284.029999,220.909996,886.431543
2013-07-05,24.370001,285.880005,225.099998,893.491549
2013-07-08,24.709999,290.589996,233.099995,905.091527
2013-07-09,25.48,291.529999,247.380001,905.241563
2013-07-10,25.799999,292.329987,243.82,905.991557
2013-07-11,25.809999,299.660004,244.169994,920.241572
2013-07-12,25.91,307.549988,257.259987,923.001578
2013-07-15,26.280001,306.570007,257.980003,924.691608
2013-07-16,26.32,306.869995,260.480007,919.611594
2013-07-17,26.65,308.690002,267.919991,918.551603
2013-07-18,26.18,304.109985,266.409996,910.681564
2013-07-19,25.879999,305.230011,264.579994,896.601557
2013-07-22,26.049999,303.480011,261.959988,910.701536
2013-07-23,26.129999,301.059998,250.259987,903.801551
2013-07-24,26.51,298.940002,241.299995,902.901521
2013-07-25,34.360001,303.399994,246.740013,887.701547
2013-07-26,34.009998,312.01001,246.30999,885.351519
2013-07-29,35.43,306.100006,244.959999,882.271531
2013-07-30,37.630001,302.410004,243.759998,890.921523
2013-07-31,36.799999,301.220001,244.479988,887.751538
2013-08-01,37.490002,305.570007,249.119987,904.221578
2013-08-02,38.049999,304.209991,246.18,906.571544
2013-08-05,39.189999,300.98999,253.839989,905.00153
2013-08-06,38.549999,300.75,255.900009,896.571537
2013-08-07,38.869999,296.910004,249.210003,890.651532
2013-08-08,38.540001,295.73999,250.39999,892.661544
2013-08-09,38.5,297.26001,252.750004,890.4115
2013-08-12,38.220001,296.690002,256.599998,885.511541
2013-08-13,37.02,293.970001,259.189991,881.251485
2013-08-14,36.650002,291.339996,261.809998,869.811468
2013-08-15,36.560001,286.470001,253.409992,859.661487
2013-08-16,37.080002,284.820007,258.87001,856.911467
2013-08-19,37.810001,285.570007,259.779991,865.651456
2013-08-20,38.41,287.089996,273.289993,865.421471
2013-08-21,38.32,284.570007,270.370007,869.331464
2013-08-22,38.549999,289.730011,269.749992,873.711475
2013-08-23,40.549999,290.01001,278.359989,870.211522
2013-08-26,41.34,286.209991,282.720009,866.391464
2013-08-27,39.639999,280.929993,276.039989,850.151471
2013-08-28,40.549999,281.579987,283.359997,848.551438
2013-08-29,41.279999,283.980011,287.850006,855.431451
2013-08-30,41.290001,280.980011,283.909996,846.901475
2013-09-03,41.869999,288.799988,288.999992,860.381462
2013-09-04,41.779999,293.640015,292.430004,871.6315
2013-09-05,42.66,294.100006,295.110012,879.561517
2013-09-06,43.950001,295.859985,291.539997,879.581489
2013-09-09,44.040001,299.709991,294.14999,888.051548
2013-09-10,43.599998,300.359985,313.060009,888.67154
2013-09-11,45.040001,299.640015,308.300007,896.191517
2013-09-12,44.75,298.859985,301.409996,893.061537
2013-09-13,44.310001,297.920013,305.650013,889.071533
2013-09-16,42.509998,296.059998,302.16,887.761524
2013-09-17,45.07,304.170013,299.550007,886.1115
2013-09-18,45.23,312.029999,306.920002,903.321548
2013-09-19,45.98,312.059998,305.499996,898.391569
2013-09-20,47.490002,316.339996,313.830013,903.111535
2013-09-23,47.189999,311.48999,302.039997,886.501507
2013-09-24,48.450001,314.130005,306.490005,886.841522
2013-09-25,49.459999,312.649994,307.140007,877.231523
2013-09-26,50.389999,318.119995,313.510006,878.171497
2013-09-27,51.240002,316.01001,312.399994,876.391532
2013-09-30,50.23,312.640015,309.209988,875.911528
2013-10-01,50.419998,320.950012,324.620007,887.001544
2013-10-02,50.279999,320.51001,330.73,887.991509
2013-10-03,49.18,314.76001,321.719994,876.091522
2013-10-04,51.040001,319.040009,327.259987,872.351475
2013-10-07,50.52,310.029999,318.159992,865.741514
2013-10-08,47.139999,303.230011,302.320004,853.671458
2013-10-09,46.77,298.230011,288.429993,855.861463
2013-10-10,49.049999,305.170013,303.990002,868.241516
2013-10-11,49.110001,310.890015,300.85001,871.991487
2013-10-14,49.509998,310.700012,324.360001,876.111494
2013-10-15,49.5,306.399994,321.690006,882.011527
2013-10-16,51.139999,310.48999,322.879993,898.031521
2013-10-17,52.209999,310.769989,330.099998,888.791495
2013-10-18,54.220001,328.929993,333.499996,1011.411708
2013-10-21,53.849998,326.440002,354.989994,1003.301698
2013-10-22,52.68,332.540009,322.520012,1007.001739
2013-10-23,51.900002,326.76001,330.240002,1031.411782
2013-10-24,52.450001,332.209991,331.219997,1025.551754
2013-10-25,51.950001,363.390015,328.029991,1015.201747
2013-10-28,50.23,358.160004,314.000004,1015.001719
2013-10-29,49.400002,362.700012,327.299988,1036.241716
2013-10-30,49.009998,361.079987,318.139992,1030.421755
2013-10-31,50.209999,364.029999,322.480011,1030.581776
2013-11-01,49.75,359,329.269993,1027.041757
2013-11-04,48.220001,358.73999,337.60001,1026.111769
2013-11-05,50.110001,358.890015,341.499992,1021.521745
2013-11-06,49.119999,356.179993,335.630005,1022.751743
2013-11-07,47.560001,343.559998,326.860004,1007.951699
2013-11-08,47.529999,350.309998,334.900002,1016.031752
2013-11-11,46.200001,354.380005,337.910004,1010.59175
2013-11-12,46.610001,349.529999,333.729988,1011.781743
2013-11-13,48.709999,356.220001,335.28001,1032.471772
2013-11-14,48.990002,367.399994,342.570004,1035.231717
2013-11-15,49.009998,369.170013,349.759995,1033.561782
2013-11-18,45.830002,366.179993,341.770012,1031.551709
2013-11-19,46.360001,364.940002,337.289989,1025.201753
2013-11-20,46.43,362.570007,339.52,1022.311744
2013-11-21,46.700001,368.920013,348.499992,1034.071744
2013-11-22,46.23,372.309998,347.849991,1031.891724
2013-11-25,44.82,376.640015,350.240005,1045.931848
2013-11-26,45.889999,381.369995,355.200012,1058.411823
2013-11-27,46.490002,386.709991,362.490005,1063.111877
2013-11-29,47.009998,393.619995,365.799988,1059.591768
2013-12-02,47.060001,392.299988,363.919998,1054.481857
2013-12-03,46.73,384.660004,362.940002,1053.261845
2013-12-04,48.619999,385.959991,356.269997,1058.181837
2013-12-05,48.34,384.48999,358.059998,1057.341785
2013-12-06,47.939999,386.950012,354.439995,1069.871873
2013-12-09,48.84,384.890015,355.67001,1078.141905
2013-12-10,50.25,387.779999,363.100006,1084.661869
2013-12-11,49.380001,382.190002,363.98,1077.291806
2013-12-12,51.830002,381.25,373.330013,1069.961809
2013-12-13,53.32,384.23999,368.969994,1060.791808
2013-12-16,53.810001,388.970001,366.310013,1072.981881
2013-12-17,54.860001,387.649994,374.869995,1069.861826
2013-12-18,55.57,395.959991,376.240013,1084.751805
2013-12-19,55.049999,395.190002,376.739998,1086.221897
2013-12-20,55.119999,402.200012,375.669987,1100.621886
2013-12-23,57.77,402.920013,380.580006,1115.101886
2013-12-24,57.959999,399.200012,378.389996,1111.841904
2013-12-26,57.73,404.390015,376.929989,1117.461899
2013-12-27,55.439999,398.079987,367.5,1118.401934
2013-12-30,53.709999,393.369995,366.990002,1109.461919
2013-12-31,54.650002,398.790009,368.170002,1120.711956
2014-01-02,54.709999,397.970001,362.82,1113.121955
2014-01-03,54.560001,396.440002,363.100006,1105.001897
2014-01-06,57.200001,393.630005,359.569992,1117.321972
2014-01-07,57.919998,398.029999,339.5,1138.861917
2014-01-08,58.23,401.920013,340.989994,1141.231977
2014-01-09,57.220001,401.01001,337.050011,1130.241944
2014-01-10,57.939999,397.660004,332.139992,1130.181906
2014-01-13,55.91,390.980011,336.810005,1122.981911
2014-01-14,57.740002,397.540009,337.959991,1149.402027
2014-01-15,57.599998,395.869995,330.380005,1148.622013
2014-01-16,57.189999,395.799988,331.680008,1156.221939
2014-01-17,56.299999,399.609985,330.039997,1150.53198
2014-01-21,58.509998,407.049988,328.710007,1163.702033
2014-01-22,57.509998,404.540009,333.729988,1165.022028
2014-01-23,56.630001,399.869995,388.720005,1160.102036
2014-01-24,54.450001,387.600006,386.079998,1123.831888
2014-01-27,53.549999,386.279999,381.230007,1101.23183
2014-01-28,55.139999,394.429993,406.770004,1123.01193
2014-01-29,53.529999,384.200012,400.420006,1106.921912
2014-01-30,61.080002,403.01001,404.67001,1135.391922
2014-01-31,62.57,358.690002,409.330009,1180.971997
2014-02-03,61.48,346.149994,404.37999,1133.431963
2014-02-04,62.75,347.950012,405.910011,1138.161914
2014-02-05,62.189999,346.450012,404.419991,1143.201984
2014-02-06,62.16,354.589996,407.910004,1159.961986
2014-02-07,64.32,361.079987,429.979988,1177.441963
2014-02-10,63.549999,360.869995,430.439999,1172.93195
2014-02-11,64.849998,361.790009,433.990013,1190.182065
2014-02-12,64.449997,349.25,428.930004,1186.691975
2014-02-13,67.330002,357.200012,436.549992,1199.902094
2014-02-14,67.089996,357.350006,435.509995,1202.802088
2014-02-18,67.300003,353.649994,436.849998,1210.88208
2014-02-19,68.059998,347.380005,428.229988,1202.342118
2014-02-20,69.629997,349.799988,434.950008,1204.112036
2014-02-21,68.589996,346.76001,432.23,1203.792115
2014-02-24,70.779999,351.779999,447.000004,1212.512071
2014-02-25,69.849998,358.320007,453.030022,1220.002089
2014-02-26,69.260002,359.799988,448.789978,1220.172036
2014-02-27,68.940002,360.130005,452.230003,1219.212151
2014-02-28,68.459999,362.100006,445.630013,1215.652097
2014-03-03,67.410004,359.779999,445.590012,1202.692058
2014-03-04,68.800003,363.899994,454.980026,1214.912028
2014-03-05,71.57,372.369995,453.499992,1218.262068
2014-03-06,70.839996,372.160004,450.510017,1219.612082
2014-03-07,69.800003,372.059998,448.369995,1214.792073
2014-03-10,72.029999,370.529999,439.949989,1211.572035
2014-03-11,70.099998,368.820007,437.48,1199.99203
2014-03-12,70.879997,370.640015,436.580006,1207.302054
2014-03-13,68.830002,371.51001,430.05999,1189.062036
2014-03-14,67.720001,373.73999,424.490009,1172.80207
2014-03-17,68.739998,375.040009,422.720009,1192.102079
2014-03-18,69.190002,378.769989,420.249992,1211.262039
2014-03-19,68.239998,373.230011,420.089989,1199.252083
2014-03-20,66.970001,368.970001,424.270004,1197.161999
2014-03-21,67.239998,360.619995,405.990013,1183.041986
2014-03-24,64.099998,351.850006,378.899994,1157.931941
2014-03-25,64.889999,354.709991,370.839996,1158.722002
2014-03-26,60.389999,343.410004,372.280003,1131.971918
2014-03-27,60.970001,338.470001,364.180004,558.462551
2014-03-28,60.009998,338.290009,358.870003,559.992565
2014-03-31,60.240002,336.369995,352.030006,556.972503
2014-04-01,62.619999,342.98999,364.690002,567.162558
2014-04-02,62.720001,341.959991,362.880001,567.002574
2014-04-03,59.490002,333.619995,354.689987,569.742571
2014-04-04,56.75,323,337.30999,543.14246
2014-04-07,56.950001,317.76001,337.999992,538.152456
2014-04-08,58.189999,327.070007,348.889988,554.902495
2014-04-09,62.41,331.809998,353.030003,564.142557
2014-04-10,59.16,317.109985,334.730011,540.952433
2014-04-11,58.529999,311.730011,326.709988,530.602392
2014-04-14,58.889999,315.910004,331.580006,532.522392
2014-04-15,59.09,316.079987,326.270004,536.442444
2014-04-16,59.720001,323.679993,331.409988,556.54249
2014-04-17,58.939999,324.910004,345.740009,536.1024
2014-04-21,61.240002,330.869995,348.490005,528.622414
2014-04-22,63.029999,329.320007,372.89999,534.812425
2014-04-23,61.360001,324.579987,353.5,526.942391
2014-04-24,60.869999,337.149994,344.070011,525.162363
2014-04-25,57.709999,303.829987,322.080002,516.182352
2014-04-28,56.139999,296.579987,314.209995,517.152359
2014-04-29,58.150002,300.380005,319.869991,527.70241
2014-04-30,59.779999,304.130005,322.040001,526.662388
2014-05-01,61.150002,307.890015,336.520012,531.352435
2014-05-02,60.459999,308.01001,340.650013,527.932411
2014-05-05,61.220001,310.049988,344.380005,527.812392
2014-05-06,58.529999,297.380005,326.190002,515.14233
2014-05-07,57.389999,292.709991,320.539993,509.962321
2014-05-08,56.759998,288.320007,321.659992,511.002313
2014-05-09,57.240002,292.23999,328.550003,518.732375
2014-05-12,59.830002,302.859985,345.449989,529.922427
2014-05-13,59.830002,304.640015,347.139988,533.092437
2014-05-14,59.23,297.619995,351.87999,526.652412
2014-05-15,57.919998,295.190002,344.189987,519.982324
2014-05-16,58.02,297.700012,349.879997,520.632362
2014-05-19,59.209999,296.76001,364.500011,528.862391
2014-05-20,58.560001,301.190002,371.670002,529.772418
2014-05-21,60.490002,305.01001,390.599995,538.942465
2014-05-22,60.52,304.910004,391.799995,545.062459
2014-05-23,61.349998,312.23999,402.35001,552.702492
2014-05-27,63.48,310.820007,398.810009,565.952575
2014-05-28,63.509998,310.160004,401.239998,561.682564
2014-05-29,63.830002,313.779999,415.199997,560.082534
2014-05-30,63.299999,312.549988,417.82999,559.892559
2014-06-02,63.080002,308.839996,422.059994,553.932488
2014-06-03,62.869999,307.190002,417.570011,544.94244
2014-06-04,63.34,306.779999,423.210007,544.662436
2014-06-05,63.189999,323.570007,428.349991,553.902499
2014-06-06,62.5,329.670013,430.130005,556.332503
2014-06-09,62.880001,327.5,423.090004,562.122552
2014-06-10,65.769997,332.410004,428.289989,560.552511
2014-06-11,65.779999,335.200012,429.999989,558.842499
2014-06-12,64.290001,325.910004,422.449989,551.352476
2014-06-13,64.5,326.269989,427.710003,551.762475
2014-06-16,64.190002,327.619995,430.259995,544.282488
2014-06-17,64.400002,325.619995,443.649994,543.012465
2014-06-18,65.599998,334.380005,448.680016,553.372481
2014-06-19,64.339996,327,441.389996,554.902495
2014-06-20,64.5,324.200012,440.180008,556.362492
2014-06-23,65.370003,327.23999,439.519993,564.952579
2014-06-24,65.720001,324.160004,436.360001,564.622572
2014-06-25,67.440002,327.440002,444.210007,578.652627
2014-06-26,67.129997,325.690002,439.610008,576.002598
2014-06-27,67.599998,324.570007,442.079998,577.242632
2014-06-30,67.290001,324.779999,440.599991,575.282606
2014-07-01,68.059998,332.390015,473.100014,582.672624
2014-07-02,66.449997,332.850006,466.739975,582.33766
2014-07-03,66.290001,337.48999,472.349983,584.732656
2014-07-07,65.290001,333.549988,460.619995,582.252649
2014-07-08,62.759998,323.809998,445.049999,571.092587
2014-07-09,64.970001,329.970001,442.999992,576.08259
2014-07-10,64.870003,327.920013,438.550011,571.102563
2014-07-11,66.339996,346.200012,439.960003,579.182645
2014-07-14,67.900002,355.320007,452.580025,584.872627
2014-07-15,67.169998,354.440002,449.090012,584.782659
2014-07-16,67.660004,355.899994,444.439999,582.662648
2014-07-17,66.410004,352.450012,439.359989,573.732579
2014-07-18,68.419998,358.660004,444.170006,595.082696
2014-07-21,69.400002,359.76001,451.949997,589.472645
2014-07-22,69.269997,360.839996,431.09,594.742713
2014-07-23,71.290001,358.140015,427.899994,595.982686
2014-07-24,74.980003,358.609985,425.37999,593.352671
2014-07-25,75.190002,324.01001,421.859989,589.022681
2014-07-28,74.919998,320.410004,424.66,590.602697
2014-07-29,73.709999,320,424.279991,585.612633
2014-07-30,74.68,322.51001,434.360008,587.42265
2014-07-31,72.650002,312.98999,422.720009,571.602592
2014-08-01,72.360001,307.059998,425.39999,566.072533
2014-08-04,73.510002,313.649994,422.700008,573.152619
2014-08-05,72.690002,312.320007,422.849998,565.072537
2014-08-06,72.470001,313.890015,430.299995,566.376589
2014-08-07,73.169998,311.450012,449.669998,563.362525
2014-08-08,73.059998,316.799988,445.849991,568.772565
2014-08-11,73.440002,318.329987,451.540001,567.882551
2014-08-12,72.830002,319.320007,446.410004,562.732562
2014-08-13,73.769997,326.279999,451.530014,574.782577
2014-08-14,74.300003,333.209991,450.870026,574.652582
2014-08-15,73.629997,333.630005,459.089973,573.482626
2014-08-18,74.589996,334.529999,465.999985,582.162619
2014-08-19,75.290001,335.130005,468.149994,586.862643
2014-08-20,74.809998,335.779999,472.18998,584.492618
2014-08-21,74.57,332.910004,472.050003,583.372664
2014-08-22,74.57,331.589996,479.18998,582.562642
2014-08-25,75.019997,334.019989,480.929993,580.202654
2014-08-26,75.959999,341.829987,479.360023,577.862619
2014-08-27,74.629997,343.179993,474.699997,571.002557
2014-08-28,73.860001,340.019989,475.210022,569.202577
2014-08-29,74.82,339.040009,477.639984,571.602592
2014-09-02,76.68,342.380005,476.600014,577.332601
2014-09-03,75.830002,339,477.389992,577.942611
2014-09-04,75.949997,345.950012,472.669991,581.982621
2014-09-05,77.260002,346.380005,475.679993,586.082672
2014-09-08,77.889999,342.339996,479.330009,589.722659
2014-09-09,76.669998,329.75,479.010002,581.012615
2014-09-10,77.43,331.329987,484.389992,583.102636
2014-09-11,77.919998,330.519989,481.56002,581.352659
2014-09-12,77.480003,331.190002,476.550026,575.622589
2014-09-15,74.580002,323.890015,457.750023,573.102616
2014-09-16,76.080002,327.76001,456.910004,579.95264
2014-09-17,76.43,324,454.529976,584.772622
2014-09-18,77,325,459.010025,589.272695
2014-09-19,77.910004,331.320007,457.520004,596.082692
2014-09-22,76.800003,324.5,442.779987,587.372648
2014-09-23,78.290001,323.630005,443.900013,581.132634
2014-09-24,78.540001,328.209991,450.560005,587.992634
2014-09-25,77.220001,321.929993,443.48999,575.062581
2014-09-26,78.790001,323.209991,448.749977,577.1026
2014-09-29,79,321.820007,449.559982,576.362594
2014-09-30,79.040001,322.440002,451.179993,577.36259
2014-10-01,76.550003,317.459991,438.800003,568.272597
2014-10-02,77.080002,318.410004,449.980019,570.082554
2014-10-03,77.440002,322.73999,459.540024,575.282606
2014-10-06,77.559998,322.200012,463.47998,577.352614
2014-10-07,76.290001,316.980011,456.250015,563.742534
2014-10-08,77.519997,322.700012,466.859978,572.502582
2014-10-09,75.910004,315.369995,461.620018,560.882518
2014-10-10,72.910004,311.390015,452.079987,544.492476
2014-10-13,72.989998,306.450012,438.579998,533.212394
2014-10-14,73.589996,308.309998,449.120026,537.942408
2014-10-15,73.209999,305.970001,448.589973,530.032409
2014-10-16,72.629997,302.859985,361.700001,524.512387
2014-10-17,75.949997,303.640015,357.089989,511.172305
2014-10-20,76.949997,306.209991,359.219997,520.842349
2014-10-21,78.690002,315.329987,365.990005,526.542369
2014-10-22,78.370003,312.970001,374.64999,532.712427
2014-10-23,80.040001,313.179993,383.040009,543.982471
2014-10-24,80.669998,287.059998,385.02,539.782415
2014-10-27,80.279999,289.970001,379.400005,540.772435
2014-10-28,80.769997,295.589996,386.220001,548.902458
2014-10-29,75.860001,294.119995,378.100002,549.33247
2014-10-30,74.110001,299.070007,379.01001,550.312514
2014-10-31,74.989998,305.459991,392.770004,559.082538
2014-11-03,73.879997,305.720001,388.410011,555.222525
2014-11-04,75.760002,302.809998,382.780003,554.112486
2014-11-05,74.830002,296.519989,380.380001,545.922484
2014-11-06,75.260002,296.640015,383.299988,542.042458
2014-11-07,75.599998,299.859985,384.160007,541.012473
2014-11-10,75,305.109985,387.270012,547.492463
2014-11-11,74.610001,312.01001,382.550011,550.292501
2014-11-12,74.720001,311.51001,383.860001,547.312465
2014-11-13,74.25,316.480011,379.409992,545.38249
2014-11-14,74.879997,327.820007,386.039997,544.402446
2014-11-17,74.239998,323.049988,381.139992,536.512399
2014-11-18,74.339996,324.929993,381.030003,535.032449
2014-11-19,73.330002,326.540009,363.100006,536.992415
2014-11-20,73.599998,330.540009,368.139988,534.832438
2014-11-21,73.75,332.630005,360.279995,537.502419
2014-11-24,74.010002,335.640015,356.470001,539.272471
2014-11-25,75.629997,335.040009,348.98999,541.082428
2014-11-26,77.620003,333.570007,351.16,540.372473
2014-11-28,77.699997,338.640015,346.589989,541.832471
2014-12-01,75.099998,326,341.810013,533.802391
2014-12-02,75.459999,326.309998,352.310013,533.752389
2014-12-03,74.879997,316.5,355.12001,531.322384
2014-12-04,75.239998,316.929993,350.599987,537.312445
2014-12-05,76.360001,312.630005,350.919994,525.262369
2014-12-08,76.519997,306.640015,339.48,526.982357
2014-12-09,76.839996,312.5,343.779991,533.37244
2014-12-10,76.18,305.839996,334.319988,526.062353
2014-12-11,77.730003,307.359985,334.630009,528.34241
2014-12-12,77.830002,307.320007,334.479992,518.662359
2014-12-15,76.989998,306.070007,327.040009,513.802351
2014-12-16,74.690002,295.059998,316.440006,495.392242
2014-12-17,76.110001,298.880005,333.650013,504.892295
2014-12-18,78.400002,297.730011,334.419991,511.102319
2014-12-19,79.879997,299.899994,340.119987,516.352313
2014-12-22,81.449997,306.540009,336.679989,524.872383
2014-12-23,80.610001,306.290009,336.429996,530.592416
2014-12-24,80.769997,303.029999,342.100006,528.772422
2014-12-26,80.779999,309.089996,340.049999,534.032392
2014-12-29,80.019997,312.040009,341.929989,530.332426
2014-12-30,79.220001,310.299988,343.229992,530.422394
2014-12-31,78.019997,310.350006,341.610008,526.402397
2015-01-02,78.449997,308.519989,348.940002,524.812404
2015-01-05,77.190002,302.190002,331.179996,513.872306
2015-01-06,76.150002,295.290009,325.509987,501.962262
2015-01-07,76.150002,298.420013,327.200012,501.102268
2015-01-08,78.18,300.459991,334.459991,502.682285
2015-01-09,77.739998,296.929993,329.289993,496.172244
2015-01-12,76.720001,291.410004,318.829994,492.552239
2015-01-13,76.449997,294.73999,323.790001,496.182251
2015-01-14,76.279999,293.269989,324.239998,500.872267
2015-01-15,74.050003,286.950012,323.759987,501.792271
2015-01-16,75.18,290.73999,337.340004,508.082288
2015-01-20,76.239998,289.440002,348.799999,506.902294
2015-01-21,76.739998,297.25,409.279995,518.042373
2015-01-22,77.650002,310.320007,428.440006,534.392388
2015-01-23,77.830002,312.390015,437.459999,539.952437
2015-01-26,77.5,309.660004,446.559994,535.212448
2015-01-27,75.779999,306.75,454.170021,518.63237
2015-01-28,76.239998,303.910004,442.460007,510.002318
2015-01-29,78,311.779999,443.800011,510.6623
2015-01-30,75.910004,354.529999,441.799992,534.522445
2015-02-02,74.989998,364.470001,441.069988,528.482381
2015-02-03,75.400002,363.549988,456.919991,529.2424
2015-02-04,75.629997,364.75,448.709976,522.762349
2015-02-05,75.610001,373.890015,448.909981,527.582391
2015-02-06,74.470001,374.279999,444.359997,531.002415
2015-02-09,74.440002,370.559998,443.070007,527.832406
2015-02-10,75.190002,373,453.949989,536.942412
2015-02-11,76.510002,375.140015,454.889984,535.972405
2015-02-12,76.230003,377.170013,456.730026,542.932472
2015-02-13,75.739998,381.829987,466.100014,549.012501
2015-02-17,75.599998,375.429993,469.960022,542.842443
2015-02-18,76.709999,373.369995,475.060005,539.702422
2015-02-19,79.419998,379,474.600021,542.872432
2015-02-20,79.900002,383.660004,478.199997,538.952441
2015-02-23,78.839996,380.140015,471.840012,531.912381
2015-02-24,78.449997,378.589996,474.879974,536.092424
2015-02-25,79.559998,385.369995,478.329987,543.872489
2015-02-26,80.410004,384.799988,483.030014,555.482516
2015-02-27,78.970001,380.160004,474.909988,558.402511
2015-03-02,79.75,385.660004,480.249977,571.342601
2015-03-03,79.599998,384.609985,474.709984,573.64261
2015-03-04,80.900002,382.720001,469.770004,573.372583
2015-03-05,81.209999,387.829987,467.650009,575.332609
2015-03-06,80.010002,380.089996,454.11998,567.687558
2015-03-09,79.440002,378.559998,445.630013,568.852557
2015-03-10,77.550003,369.51001,435.059998,555.012538
2015-03-11,77.57,366.369995,440.189995,551.182515
2015-03-12,78.93,374.23999,448.320007,555.512505
2015-03-13,78.050003,370.579987,438.399994,547.322503
2015-03-16,78.07,373.350006,421.970005,554.512509
2015-03-17,79.360001,371.920013,418.519993,550.842471
2015-03-18,80.910004,375.140015,423.119991,559.502513
2015-03-19,82.75,373.23999,425.209999,557.992512
2015-03-20,83.800003,378.48999,428.300003,560.362537
2015-03-23,84.43,375.109985,425.000008,558.81251
2015-03-24,85.309998,374.089996,438.279991,570.192597
2015-03-25,82.919998,370.959991,421.75,558.787539
2015-03-26,83.010002,367.350006,418.259987,555.172522
2015-03-27,83.300003,370.559998,414.77,548.342512
2015-03-30,83.199997,374.589996,422.569992,552.032502
2015-03-31,82.220001,372.100006,416.689991,548.002468
2015-04-01,81.669998,370.26001,413.120003,542.562439
2015-04-02,81.559998,372.25,414.079998,535.532417
2015-04-06,82.440002,377.040009,422.310013,536.767432
2015-04-07,82.32,374.410004,423.459999,537.022404
2015-04-08,82.279999,381.200012,441.349995,541.612446
2015-04-09,82.169998,383.540009,439.499992,540.782472
2015-04-10,82.040001,382.649994,454.569977,540.012416
2015-04-13,83.010002,382.359985,474.680023,539.172466
2015-04-14,83.519997,385.109985,478.710022,530.392405
2015-04-15,82.709999,383.450012,475.460014,532.532429
2015-04-16,82.309998,386.040009,562.04998,533.802391
2015-04-17,80.779999,375.559998,571.550011,524.052386
2015-04-20,83.089996,389.51001,567.390022,535.382408
2015-04-21,83.620003,391.179993,560.44001,533.972413
2015-04-22,84.629997,389.799988,557.68,539.367458
2015-04-23,82.410004,389.98999,559.060005,547.002472
2015-04-24,81.529999,445.100006,558.400017,565.062561
2015-04-27,81.910004,438.559998,566.079979,555.369995
2015-04-28,80.68,429.309998,563.05999,553.679993
2015-04-29,80.470001,429.369995,562.849998,549.080017
2015-04-30,78.769997,421.779999,556.5,537.340027
2015-05-01,78.989998,422.869995,557.029999,537.900024
2015-05-04,78.809998,423.040009,554.900017,540.780029
2015-05-05,77.559998,421.190002,565.54998,530.799988
2015-05-06,78.099998,419.100006,560.539986,524.219971
2015-05-07,78.43,426.880005,565.240013,530.700012
2015-05-08,78.510002,433.690002,574.600014,538.219971
2015-05-11,78.010002,432.850006,589.950005,535.700012
2015-05-12,77.459999,431.019989,583.640007,529.039978
2015-05-13,78.440002,426.869995,580.109993,529.619995
2015-05-14,81.370003,432.279999,586.850014,538.400024
2015-05-15,80.419998,426,613.249977,533.849976
2015-05-18,80.879997,425.23999,617.870003,532.299988
2015-05-19,80.629997,421.709991,616.480011,537.359985
2015-05-20,80.550003,423.859985,621.530006,539.27002
2015-05-21,80.480003,431.630005,623.019974,542.51001
2015-05-22,80.540001,427.630005,621.869987,540.109985
2015-05-26,79.330002,425.470001,615.950012,532.320007
2015-05-27,80.550003,431.420013,628.999977,539.789978
2015-05-28,80.150002,426.570007,626.549988,539.780029
2015-05-29,79.190002,429.230011,624.059998,532.109985
2015-06-01,80.290001,430.920013,623.019974,533.98999
2015-06-02,80.440002,430.98999,623.909981,539.179993
2015-06-03,82.440002,436.589996,621.659996,540.309998
2015-06-04,82.050003,430.779999,625.440002,536.700012
2015-06-05,82.139999,426.950012,633.219994,533.330017
2015-06-08,80.669998,423.5,627.230003,526.830017
2015-06-09,80.669998,425.480011,647.149979,526.690002
2015-06-10,82.160004,430.769989,671.100006,536.690002
2015-06-11,81.830002,432.970001,665.659988,534.609985
2015-06-12,81.529999,429.920013,660.93,532.330017
2015-06-15,80.709999,423.670013,654.019989,527.200012
2015-06-16,81.059998,427.26001,666.910004,528.150024
2015-06-17,81.790001,427.809998,659.900017,529.26001
2015-06-18,82.910004,439.390015,663.200012,536.72998
2015-06-19,82.510002,434.920013,657.100006,536.690002
2015-06-22,84.739998,436.290009,674.899986,538.190002
2015-06-23,87.879997,445.98999,681.19001,540.47998
2015-06-24,88.860001,440.839996,678.609978,537.840027
2015-06-25,87.980003,440.100006,664.239983,535.22998
2015-06-26,88.010002,438.100006,651.619987,531.690002
2015-06-29,85.800003,429.859985,645.62001,521.52002
2015-06-30,85.769997,434.089996,656.940002,520.51001
2015-07-01,86.910004,437.390015,655.449982,521.840027
2015-07-02,87.290001,437.709991,658.31002,523.400024
2015-07-06,87.550003,436.040009,661.999985,522.859985
2015-07-07,87.220001,436.720001,658.640015,525.02002
2015-07-08,85.650002,429.700012,654.549988,516.830017
2015-07-09,85.879997,434.390015,670.089996,520.679993
2015-07-10,87.949997,443.51001,680.599983,530.130005
2015-07-13,90.099998,455.570007,707.610001,546.549988
2015-07-14,89.68,465.570007,702.600006,561.099976
2015-07-15,89.760002,461.190002,98.129997,560.219971
2015-07-16,90.849998,475.480011,115.809998,579.849976
2015-07-17,94.970001,483.01001,114.769997,672.929993
2015-07-20,97.910004,488.100006,110.550003,663.02002
2015-07-21,98.389999,488,112.510002,662.299988
2015-07-22,97.040001,488.269989,111.5,662.099976
2015-07-23,95.440002,482.179993,110.099998,644.280029
2015-07-24,96.949997,529.419983,109.339996,623.559998
2015-07-27,94.169998,531.409973,106.43,627.26001
2015-07-28,95.290001,526.030029,106.900002,628
2015-07-29,96.989998,529,107.080002,631.929993
2015-07-30,95.209999,536.76001,111.559998,632.590027
2015-07-31,94.010002,536.150024,114.309998,625.609985
2015-08-03,94.139999,535.030029,112.559998,631.210022
2015-08-04,94.059998,531.900024,121.150002,629.25
2015-08-05,96.440002,537.01001,123.709999,643.780029
2015-08-06,95.120003,529.460022,126.449997,642.679993
2015-08-07,94.300003,522.619995,123.519997,635.299988
2015-08-10,94.150002,524,123.029999,633.72998
2015-08-11,93.620003,527.460022,122.739998,660.780029
2015-08-12,94.190002,525.909973,120.510002,659.559998
2015-08-13,93.43,529.659973,123.730003,656.450012
2015-08-14,94.419998,531.52002,123.389999,657.119995
2015-08-17,93.93,535.219971,125.360001,660.869995
2015-08-18,95.169998,535.02002,124.050003,656.130005
2015-08-19,95.309998,532.919983,122.059998,660.900024
2015-08-20,90.559998,515.780029,112.489998,646.830017
2015-08-21,86.059998,494.470001,103.959999,612.47998
2015-08-24,82.089996,463.369995,96.879997,589.609985
2015-08-25,83,466.369995,101.519997,582.059998
2015-08-26,87.190002,500.769989,110.129997,628.619995
2015-08-27,89.730003,518.369995,117.660004,637.609985
2015-08-28,91.010002,518.01001,117.629997,630.380005
2015-08-31,89.43,512.890015,115.029999,618.25
2015-09-01,87.230003,496.540009,105.790001,597.789978
2015-09-02,89.889999,510.549988,105.440002,614.340027
2015-09-03,88.150002,504.720001,101.059998,606.25
2015-09-04,88.260002,499,98.790001,600.700012
2015-09-08,89.529999,517.539978,94.949997,614.659973
2015-09-09,90.440002,516.890015,99.18,612.719971
2015-09-10,91.980003,522.23999,99.480003,621.349976
2015-09-11,92.050003,529.440002,97.510002,625.77002
2015-09-14,92.309998,521.380005,95.690002,623.23999
2015-09-15,92.900002,522.369995,99.160004,635.140015
2015-09-16,93.449997,527.390015,104.080002,635.97998
2015-09-17,94.339996,538.869995,104.209999,642.900024
2015-09-18,94.400002,540.26001,102.620003,629.25
2015-09-21,95.550003,548.390015,100.300003,635.440002
2015-09-22,92.959999,538.400024,98.470001,622.690002
2015-09-23,93.970001,536.070007,98.07,622.359985
2015-09-24,94.410004,533.75,103.760002,625.799988
2015-09-25,92.769997,524.25,102.239998,611.969971
2015-09-28,89.209999,504.059998,99.470001,594.890015
2015-09-29,86.669998,496.070007,98.349998,594.969971
2015-09-30,89.900002,511.890015,103.260002,608.419983
2015-10-01,90.949997,520.719971,105.980003,611.289978
2015-10-02,92.07,532.539978,106.110001,626.909973
2015-10-05,94.010002,543.679993,111.25,641.469971
2015-10-06,92.800003,537.47998,108.330002,645.440002
2015-10-07,92.400002,541.940002,108.099998,642.359985
2015-10-08,92.470001,533.159973,114.93,639.159973
2015-10-09,93.239998,539.799988,113.330002,643.609985
2015-10-12,94.260002,550.190002,113.449997,646.669983
2015-10-13,94.120003,548.900024,109.730003,652.299988
2015-10-14,94.07,544.830017,110.230003,651.159973
2015-10-15,95.959999,562.440002,101.089996,661.73999
2015-10-16,97.540001,570.76001,98.989998,662.200012
2015-10-19,98.470001,573.150024,101.690002,666.099976
2015-10-20,97,560.880005,98.989998,650.280029
2015-10-21,97.110001,555.77002,97.959999,642.609985
2015-10-22,99.669998,563.909973,97.32,651.789978
2015-10-23,102.190002,599.030029,100.040001,702
2015-10-26,103.769997,608.609985,103.040001,712.780029
2015-10-27,103.699997,611.01001,103.07,708.48999
2015-10-28,104.199997,617.099976,105.800003,712.950012
2015-10-29,104.879997,626.549988,105.120003,716.919983
2015-10-30,101.970001,625.900024,108.379997,710.809998
2015-11-02,103.309998,628.349976,107.639999,721.109985
2015-11-03,102.580002,625.309998,109.739998,722.159973
2015-11-04,103.940002,640.950012,114.050003,728.109985
2015-11-05,108.760002,655.650024,113.5,731.25
2015-11-06,107.099998,659.369995,114.059998,733.76001
2015-11-09,106.489998,655.48999,109.860001,724.890015
2015-11-10,107.910004,659.679993,112.699997,728.320007
2015-11-11,109.010002,673.25,112.860001,735.400024
2015-11-12,108.019997,665.599976,108.919998,731.22998
2015-11-13,103.949997,642.349976,103.650002,717
2015-11-16,104.040001,647.809998,111.349998,728.960022
2015-11-17,105.129997,643.299988,117.099998,725.299988
2015-11-18,107.769997,663.539978,120.629997,740
2015-11-19,106.260002,661.27002,120.220001,738.409973
2015-11-20,107.32,668.450012,123.839996,756.599976
2015-11-23,106.949997,678.98999,125.029999,755.97998
2015-11-24,105.739998,671.150024,123.309998,748.280029
2015-11-25,105.410004,675.340027,124.160004,748.150024
2015-11-27,105.449997,673.26001,125.440002,750.26001
2015-11-30,104.239998,664.799988,123.330002,742.599976
2015-12-01,107.120003,679.059998,125.370003,767.039978
2015-12-02,106.07,676.01001,128.929993,762.380005
2015-12-03,104.379997,666.25,126.809998,752.539978
2015-12-04,106.18,672.640015,130.929993,766.809998
2015-12-07,105.610001,669.830017,125.360001,763.25
2015-12-08,106.489998,677.330017,126.980003,762.369995
2015-12-09,104.599998,664.789978,124.199997,751.609985
2015-12-10,105.419998,662.320007,122.910004,749.460022
2015-12-11,102.120003,640.150024,118.910004,738.869995
2015-12-14,104.660004,657.909973,120.669998,747.77002
2015-12-15,104.550003,658.640015,118.599998,743.400024
2015-12-16,106.790001,675.77002,122.639999,758.090027
2015-12-17,106.220001,670.650024,122.510002,749.429993
2015-12-18,104.040001,664.140015,118.019997,739.309998
2015-12-21,104.769997,664.51001,116.629997,747.77002
2015-12-22,105.510002,663.150024,116.239998,750
2015-12-23,104.629997,663.700012,118.160004,750.309998
2015-12-24,105.019997,662.789978,117.330002,748.400024
2015-12-28,105.93,675.200012,117.110001,762.51001
2015-12-29,107.260002,693.969971,119.120003,776.599976
2015-12-30,106.220001,689.070007,116.709999,771
2015-12-31,104.660004,675.890015,114.379997,758.880005
2016-01-04,102.220001,636.98999,109.959999,741.840027
2016-01-05,102.730003,633.789978,107.660004,742.580017
2016-01-06,102.970001,632.650024,117.68,743.619995
2016-01-07,97.919998,607.940002,114.559998,726.390015
2016-01-08,97.330002,607.049988,111.389999,714.469971
2016-01-11,97.510002,617.73999,114.970001,716.030029
2016-01-12,99.370003,617.890015,116.580002,726.070007
2016-01-13,95.440002,581.809998,106.559998,700.559998
2016-01-14,98.370003,593,107.059998,714.719971
2016-01-15,94.970001,570.179993,104.040001,694.450012
2016-01-19,95.260002,574.47998,107.889999,701.789978
2016-01-20,94.349998,571.77002,107.739998,698.450012
2016-01-21,94.160004,575.02002,102.349998,706.590027
2016-01-22,97.940002,596.380005,100.720001,725.25
2016-01-25,97.010002,596.530029,99.120003,711.669983
2016-01-26,97.339996,601.25,97.830002,713.039978
2016-01-27,94.449997,583.349976,91.150002,699.98999
2016-01-28,109.110001,635.349976,94.410004,730.960022
2016-01-29,112.209999,587,91.839996,742.950012
2016-02-01,115.089996,574.809998,94.089996,752
2016-02-02,114.610001,552.099976,91.489998,764.650024
2016-02-03,112.690002,531.070007,90.739998,726.950012
2016-02-04,110.489998,536.26001,89.709999,708.01001
2016-02-05,104.07,502.130005,82.790001,683.570007
2016-02-08,99.75,488.100006,83.32,682.73999
2016-02-09,99.540001,482.070007,86.129997,678.109985
2016-02-10,101,490.480011,88.449997,684.119995
2016-02-11,101.910004,503.820007,86.349998,683.109985
2016-02-12,102.010002,507.079987,87.400002,682.400024
2016-02-16,101.610001,521.099976,89.050003,691
2016-02-17,105.199997,534.099976,94.760002,708.400024
2016-02-18,103.470001,525,90.489998,697.349976
2016-02-19,104.57,534.900024,89.230003,700.909973
2016-02-22,107.160004,559.5,91.93,706.460022
2016-02-23,105.459999,552.940002,89.120003,695.849976
2016-02-24,106.879997,554.039978,91.610001,699.559998
2016-02-25,108.07,555.150024,94.529999,705.75
2016-02-26,107.919998,555.22998,94.790001,705.070007
2016-02-29,106.919998,552.52002,93.410004,697.77002
2016-03-01,109.82,579.039978,98.300003,718.809998
2016-03-02,109.949997,580.210022,97.610001,718.849976
2016-03-03,109.580002,577.48999,97.93,712.419983
2016-03-04,108.389999,575.140015,101.580002,710.890015
2016-03-07,105.730003,562.799988,95.489998,695.159973
2016-03-08,105.93,560.26001,96.230003,693.969971
2016-03-09,107.510002,559.469971,98,705.23999
2016-03-10,107.32,558.929993,97.360001,712.820007
2016-03-11,109.410004,569.609985,97.660004,726.820007
2016-03-14,109.889999,573.369995,98.129997,730.48999
2016-03-15,110.669998,577.02002,97.860001,728.330017
2016-03-16,112.18,574.27002,99.349998,736.090027
2016-03-17,111.019997,559.440002,99.720001,737.780029
2016-03-18,111.449997,552.080017,101.120003,737.599976
2016-03-21,111.849998,553.97998,101.059998,742.090027
2016-03-22,112.25,560.47998,99.839996,740.75
2016-03-23,112.540001,569.630005,99.589996,738.059998
2016-03-24,113.050003,582.950012,98.360001,735.299988
2016-03-28,113.690002,579.869995,101.209999,733.530029
2016-03-29,116.139999,593.859985,104.129997,744.77002
2016-03-30,114.699997,598.690002,102.190002,750.530029
2016-03-31,114.099998,593.640015,102.230003,744.950012
2016-04-01,116.059998,598.5,105.699997,749.909973
2016-04-04,112.550003,593.190002,104.349998,745.289978
2016-04-05,112.220001,586.140015,104.940002,737.799988
2016-04-06,113.709999,602.080017,104.830002,745.690002
2016-04-07,113.639999,591.429993,104.449997,740.280029
2016-04-08,110.629997,594.599976,103.809998,739.150024
2016-04-11,108.989998,595.929993,102.68,736.099976
2016-04-12,110.610001,603.169983,106.980003,743.090027
2016-04-13,110.510002,614.820007,109.650002,751.719971
2016-04-14,110.839996,620.75,110.419998,753.200012
2016-04-15,109.639999,625.890015,111.510002,759
2016-04-18,110.449997,635.349976,108.400002,766.609985
2016-04-19,112.290001,627.900024,94.339996,753.929993
2016-04-20,112.419998,632.98999,96.769997,752.669983
2016-04-21,113.440002,631,94.980003,759.140015
2016-04-22,110.559998,620.5,95.900002,718.77002
2016-04-25,110.099998,626.200012,93.559998,723.150024
2016-04-26,108.760002,616.880005,92.43,708.140015
2016-04-27,108.889999,606.570007,91.040001,705.840027
2016-04-28,116.730003,602,90.279999,691.02002
2016-04-29,117.580002,659.590027,90.029999,693.01001
2016-05-02,118.57,683.849976,93.110001,698.210022
2016-05-03,117.43,671.320007,91.540001,692.359985
2016-05-04,118.059998,670.900024,90.790001,695.700012
2016-05-05,117.809998,659.090027,89.370003,701.429993
2016-05-06,119.489998,673.950012,90.839996,711.119995
2016-05-09,119.239998,679.75,90.540001,712.900024
2016-05-10,120.5,703.070007,92.889999,723.179993
2016-05-11,119.519997,713.22998,90.019997,715.289978
2016-05-12,120.279999,717.929993,87.739998,713.309998
2016-05-13,119.809998,709.919983,87.879997,710.830017
2016-05-16,118.669998,710.659973,89.120003,716.48999
2016-05-17,117.349998,695.27002,88.629997,706.22998
2016-05-18,117.650002,697.450012,90.5,706.630005
2016-05-19,116.809998,698.52002,89.550003,700.320007
2016-05-20,117.349998,702.799988,92.489998,709.73999
2016-05-23,115.970001,696.75,94.889999,704.23999
2016-05-24,117.699997,704.200012,97.889999,720.090027
2016-05-25,117.889999,708.349976,100.199997,725.27002
2016-05-26,119.470001,714.909973,102.809998,724.119995
2016-05-27,119.379997,712.23999,103.300003,732.659973
2016-05-31,118.809998,722.789978,102.57,735.719971
2016-06-01,118.779999,719.440002,101.510002,734.150024
2016-06-02,118.93,728.23999,101.25,730.400024
2016-06-03,118.470001,725.539978,99.589996,722.340027
2016-06-06,118.790001,726.72998,100.739998,716.549988
2016-06-07,117.760002,723.73999,99.889999,716.650024
2016-06-08,118.389999,726.640015,97.860001,728.280029
2016-06-09,118.559998,727.650024,97.089996,728.580017
2016-06-10,116.620003,717.909973,93.75,719.409973
2016-06-13,113.949997,715.23999,93.849998,718.359985
2016-06-14,114.940002,719.299988,94.120003,718.27002
2016-06-15,114.599998,714.26001,94.290001,718.919983
2016-06-16,114.389999,717.51001,95.440002,710.359985
2016-06-17,113.019997,706.390015,94.449997,691.719971
2016-06-20,113.370003,714.01001,93.800003,693.710022
2016-06-21,114.379997,715.820007,90.989998,695.940002
2016-06-22,113.910004,710.599976,90.010002,697.460022
2016-06-23,115.080002,722.080017,91.660004,701.869995
2016-06-24,112.080002,698.960022,88.440002,675.219971
2016-06-27,108.970001,691.359985,85.330002,668.26001
2016-06-28,112.699997,707.950012,87.970001,680.039978
2016-06-29,114.160004,715.599976,91.059998,684.109985
2016-06-30,114.279999,715.619995,91.480003,692.099976
2016-07-01,114.190002,725.679993,96.669998,699.210022
2016-07-05,114.199997,728.099976,97.910004,694.950012
2016-07-06,116.699997,737.609985,94.599998,697.77002
2016-07-07,115.849998,736.570007,95.099998,695.359985
2016-07-08,117.239998,745.809998,97.059998,705.630005
2016-07-11,117.870003,753.780029,94.669998,715.090027
2016-07-12,117.93,748.210022,95.970001,720.640015
2016-07-13,116.779999,742.630005,96.43,716.97998
2016-07-14,117.290001,741.200012,98.019997,720.950012
2016-07-15,116.860001,735.440002,98.389999,719.849976
2016-07-18,119.370003,736.070007,98.809998,733.780029
2016-07-19,120.610001,739.950012,85.839996,736.960022
2016-07-20,121.919998,745.719971,87.910004,741.190002
2016-07-21,120.610001,744.429993,85.989998,738.630005
2016-07-22,121,744.859985,85.889999,742.73999
2016-07-25,121.629997,739.609985,87.660004,739.77002
2016-07-26,121.220001,735.590027,91.410004,738.419983
2016-07-27,123.339996,736.669983,92.040001,741.77002
2016-07-28,125,752.609985,91.650002,745.909973
2016-07-29,123.940002,758.809998,91.25,768.789978
2016-08-01,124.309998,767.73999,94.370003,772.880005
2016-08-02,123.089996,760.580017,93.559998,771.070007
2016-08-03,122.510002,754.640015,93.099998,773.179993
2016-08-04,124.360001,760.77002,93.440002,771.609985
2016-08-05,125.150002,765.97998,97.029999,782.219971
2016-08-08,125.260002,766.559998,95.110001,781.76001
2016-08-09,125.059998,768.309998,93.989998,784.26001
2016-08-10,124.879997,768.559998,93.93,784.679993
2016-08-11,124.900002,771.23999,95.889999,784.849976
2016-08-12,124.879997,772.559998,96.589996,783.219971
2016-08-15,123.900002,768.48999,95.309998,782.440002
2016-08-16,123.300003,764.039978,95.120003,777.140015
2016-08-17,124.370003,764.630005,96.370003,779.909973
2016-08-18,123.910004,764.460022,96.160004,777.5
2016-08-19,123.559998,757.309998,95.870003,775.419983
2016-08-22,124.150002,759.47998,95.260002,772.150024
2016-08-23,124.370003,762.450012,95.940002,772.080017
2016-08-24,123.480003,757.25,95.18,769.640015
2016-08-25,123.889999,759.219971,97.32,769.409973
2016-08-26,124.959999,769,97.580002,769.539978
2016-08-29,126.540001,771.289978,97.300003,772.150024
2016-08-30,125.839996,767.580017,97.449997,769.090027
2016-08-31,126.120003,769.159973,97.449997,767.049988
2016-09-01,126.169998,770.619995,97.379997,768.780029
2016-09-02,126.510002,772.440002,97.379997,771.460022
2016-09-06,129.729996,788.869995,100.089996,780.080017
2016-09-07,131.050003,784.47998,99.150002,780.349976
2016-09-08,130.270004,784.059998,99.660004,775.320007
2016-09-09,127.099998,760.140015,96.5,759.659973
2016-09-12,128.690002,771.48999,99.050003,769.02002
2016-09-13,127.209999,761.01001,96.089996,759.690002
2016-09-14,127.769997,761.090027,97.010002,762.48999
2016-09-15,128.350006,769.690002,97.339996,771.76001
2016-09-16,129.070007,778.52002,99.480003,768.880005
2016-09-19,128.649994,775.099976,98.059998,765.700012
2016-09-20,128.639999,780.219971,98.25,771.409973
2016-09-21,129.940002,789.73999,94.879997,776.219971
2016-09-22,130.080002,804.700012,95.830002,787.210022
2016-09-23,127.959999,805.75,95.940002,786.900024
2016-09-26,127.309998,799.159973,94.559998,774.210022
2016-09-27,128.690002,816.109985,97.07,783.01001
2016-09-28,129.229996,828.719971,97.480003,781.559998
2016-09-29,128.089996,829.049988,96.669998,775.01001
2016-09-30,128.270004,837.309998,98.550003,777.289978
2016-10-03,128.770004,836.73999,102.629997,772.559998
2016-10-04,128.190002,834.030029,102.339996,776.429993
2016-10-05,128.470001,844.359985,106.279999,776.469971
2016-10-06,128.740005,841.659973,105.07,776.859985
2016-10-07,128.990005,839.429993,104.82,775.080017
2016-10-10,130.240005,841.710022,103.330002,785.940002
2016-10-11,128.880005,831,100.589996,783.070007
2016-10-12,129.050003,834.090027,99.5,786.140015
2016-10-13,127.82,829.280029,100.230003,778.190002
2016-10-14,127.879997,822.960022,101.470001,778.530029
2016-10-17,127.540001,812.950012,99.800003,779.960022
2016-10-18,128.570007,817.650024,118.790001,795.26001
2016-10-19,130.110001,817.690002,121.870003,801.5
2016-10-20,130,810.320007,123.349998,796.969971
2016-10-21,132.070007,818.98999,127.5,799.369995
2016-10-24,133.279999,838.090027,127.330002,813.109985
2016-10-25,132.289993,835.179993,126.510002,807.669983
2016-10-26,131.039993,822.590027,126.970001,799.070007
2016-10-27,129.690002,818.359985,126.470001,795.349976
2016-10-28,131.289993,776.320007,126.57,795.369995
2016-10-31,130.990005,789.820007,124.870003,784.539978
2016-11-01,129.5,785.409973,123.300003,783.609985
2016-11-02,127.169998,765.559998,122.339996,768.700012
2016-11-03,120,767.030029,122.139999,762.130005
2016-11-04,120.75,755.049988,122.029999,762.02002
2016-11-07,122.150002,784.929993,124.580002,782.52002
2016-11-08,124.220001,787.75,124.339996,790.51001
2016-11-09,123.18,771.880005,122.190002,785.309998
2016-11-10,120.800003,742.380005,115.419998,762.559998
2016-11-11,119.019997,739.01001,114.779999,754.02002
2016-11-14,115.080002,719.070007,113.379997,736.080017
2016-11-15,117.199997,743.23999,113.589996,758.48999
2016-11-16,116.339996,746.48999,115.190002,764.47998
2016-11-17,117.790001,756.400024,115.029999,771.22998
2016-11-18,117.019997,760.159973,115.209999,760.539978
2016-11-21,121.769997,780,117.959999,769.200012
2016-11-22,121.470001,785.330017,118.040001,768.27002
2016-11-23,120.839996,780.119995,117.690002,760.98999
2016-11-25,120.379997,780.369995,117.410004,761.679993
2016-11-28,120.410004,766.77002,116.93,768.23999
2016-11-29,120.870003,762.52002,117.510002,770.840027
2016-11-30,118.419998,750.570007,117,758.039978
2016-12-01,115.099998,743.650024,117.220001,747.919983
2016-12-02,115.400002,740.340027,120.809998,750.5
2016-12-05,117.43,759.359985,119.160004,762.52002
2016-12-06,117.309998,764.719971,124.57,759.109985
2016-12-07,117.949997,770.419983,125.389999,771.190002
2016-12-08,118.910004,767.330017,123.239998,776.419983
2016-12-09,119.68,768.659973,122.879997,789.289978
2016-12-12,117.769997,760.119995,122.830002,789.27002
2016-12-13,120.309998,774.340027,123.779999,796.099976
2016-12-14,120.209999,768.820007,123.440002,797.070007
2016-12-15,120.57,761,125,797.849976
2016-12-16,119.870003,757.77002,124.220001,790.799988
2016-12-19,119.239998,766,125.449997,794.200012
2016-12-20,119.089996,771.219971,125.120003,796.419983
2016-12-21,119.040001,770.599976,126.5,794.559998
2016-12-22,117.400002,766.340027,125.580002,791.26001
2016-12-23,117.269997,760.590027,125.589996,789.909973
2016-12-27,118.010002,771.400024,128.350006,791.549988
2016-12-28,116.919998,772.130005,125.889999,785.049988
2016-12-29,116.349998,765.150024,125.330002,782.789978
2016-12-30,115.050003,749.869995,123.800003,771.820007
